{
"classInfo":[
{
 "className":" 无线电导航(待生效)</br>黄智刚，赵  昀[1-17]周(一)201第6，7节 ", "week":{
"startWeek":1,
"endWeek":17
},
"weekday":1,
"classTime":3

},{
 "className":" 通信网络原理与技术(待生效)</br>熊庆旭[1-9]周(一)212第6，7节 ", "week":{
"startWeek":1,
"endWeek":9
},
"weekday":2,
"classTime":3

},{
 "className":" 遥测遥控系统(待生效)</br>魏少明，修春娣[1-17]周(一)212第3，4节 ", "week":{
"startWeek":1,
"endWeek":17
},
"weekday":3,
"classTime":2

},{
 "className":" 通信网络原理与技术(待生效)</br>熊庆旭[1-9]周(一)212第3，4节 ", "week":{
"startWeek":1,
"endWeek":9
},
"weekday":4,
"classTime":2

},{
 "className":" 软件无线电基础(待生效)</br>万国龙[1-17]周(一)201第8，9节 ", "week":{
"startWeek":1,
"endWeek":17
},
"weekday":4,
"classTime":4

},{
 "className":" 移动通信(待生效)</br>刘婷婷，杨晨阳[1-17]周(一)212第3，4节 ", "week":{
"startWeek":1,
"endWeek":17
},
"weekday":5,
"classTime":2

}]
}